-- phpMyAdmin SQL Dump
-- version 5.2.1
-- https://www.phpmyadmin.net/
--
-- 主機： 127.0.0.1
-- 產生時間： 2025-07-13 03:57:51
-- 伺服器版本： 10.4.32-MariaDB
-- PHP 版本： 8.2.12

SET SQL_MODE = "NO_AUTO_VALUE_ON_ZERO";
START TRANSACTION;
SET time_zone = "+00:00";


/*!40101 SET @OLD_CHARACTER_SET_CLIENT=@@CHARACTER_SET_CLIENT */;
/*!40101 SET @OLD_CHARACTER_SET_RESULTS=@@CHARACTER_SET_RESULTS */;
/*!40101 SET @OLD_COLLATION_CONNECTION=@@COLLATION_CONNECTION */;
/*!40101 SET NAMES utf8mb4 */;

--
-- 資料庫： `project`
--

-- --------------------------------------------------------

--
-- 資料表結構 `attendance_log`
--

CREATE TABLE `attendance_log` (
  `id` int(11) NOT NULL,
  `user_id` int(11) NOT NULL,
  `check_time` datetime DEFAULT current_timestamp()
) ENGINE=InnoDB DEFAULT CHARSET=utf8mb4 COLLATE=utf8mb4_general_ci;

--
-- 傾印資料表的資料 `attendance_log`
--

INSERT INTO `attendance_log` (`id`, `user_id`, `check_time`) VALUES
(1, 1, '2025-05-28 20:58:56'),
(2, 1, '2025-05-28 21:02:51'),
(3, 1, '2025-05-29 08:46:07'),
(4, 1, '2025-05-29 08:46:33'),
(5, 2, '2025-05-29 08:48:17'),
(6, 2, '2025-05-29 08:48:38'),
(7, 1, '2025-05-29 10:30:16'),
(8, 2, '2025-05-29 10:30:38'),
(9, 2, '2025-05-29 10:33:22'),
(10, 2, '2025-05-29 10:34:05'),
(11, 1, '2025-05-29 10:38:13'),
(12, 2, '2025-05-29 10:38:33'),
(13, 1, '2025-05-29 10:45:25'),
(14, 1, '2025-05-29 10:45:51'),
(15, 2, '2025-05-29 10:46:54'),
(16, 1, '2025-05-29 10:47:16'),
(17, 2, '2025-05-29 10:47:36'),
(18, 1, '2025-05-29 10:47:58'),
(19, 1, '2025-05-29 10:48:18'),
(20, 1, '2025-05-29 10:48:42'),
(21, 2, '2025-05-29 10:49:04'),
(22, 1, '2025-05-29 10:49:25'),
(23, 1, '2025-05-29 10:49:45'),
(24, 2, '2025-05-29 10:50:31'),
(25, 1, '2025-05-29 10:50:49'),
(26, 1, '2025-05-29 10:51:15'),
(27, 2, '2025-05-29 10:51:40'),
(28, 1, '2025-05-29 10:52:10'),
(29, 1, '2025-05-29 10:52:34'),
(30, 2, '2025-05-29 10:52:52'),
(31, 1, '2025-05-29 10:53:42'),
(32, 1, '2025-05-29 10:54:12'),
(33, 2, '2025-05-29 10:54:39'),
(34, 1, '2025-05-29 10:54:59'),
(35, 1, '2025-05-29 10:55:21'),
(36, 2, '2025-05-29 10:55:42'),
(37, 1, '2025-05-29 10:56:02'),
(38, 1, '2025-05-29 10:56:24'),
(39, 1, '2025-05-29 10:56:42'),
(40, 1, '2025-05-29 10:57:02'),
(41, 1, '2025-05-29 10:57:34'),
(42, 1, '2025-05-29 10:57:57'),
(43, 1, '2025-05-29 10:58:24'),
(44, 1, '2025-05-29 10:58:48'),
(45, 1, '2025-05-29 10:59:14'),
(46, 1, '2025-05-29 10:59:47'),
(47, 1, '2025-05-29 11:00:10'),
(48, 1, '2025-05-29 11:00:38'),
(49, 2, '2025-05-29 11:00:58'),
(50, 2, '2025-05-29 11:01:19'),
(51, 1, '2025-05-29 11:01:40'),
(52, 1, '2025-05-29 11:02:05'),
(53, 1, '2025-05-29 11:02:35'),
(54, 1, '2025-05-29 11:03:11'),
(55, 1, '2025-05-29 11:03:55'),
(56, 1, '2025-05-29 11:04:17');

-- --------------------------------------------------------

--
-- 資料表結構 `environment_log`
--

CREATE TABLE `environment_log` (
  `id` int(11) NOT NULL,
  `temperature` float NOT NULL,
  `humidity` float NOT NULL,
  `measure_time` datetime DEFAULT current_timestamp()
) ENGINE=InnoDB DEFAULT CHARSET=utf8mb4 COLLATE=utf8mb4_general_ci;

--
-- 傾印資料表的資料 `environment_log`
--

INSERT INTO `environment_log` (`id`, `temperature`, `humidity`, `measure_time`) VALUES
(164, 26.8, 54, '2025-05-29 09:56:17'),
(165, 26.8, 53, '2025-05-29 09:56:46'),
(166, 26.8, 52, '2025-05-29 09:57:16'),
(167, 26.8, 55, '2025-05-29 09:57:48'),
(168, 26.8, 53, '2025-05-29 09:58:16'),
(169, 26.8, 54, '2025-05-29 09:58:46'),
(170, 26.8, 54, '2025-05-29 09:59:16'),
(171, 26.9, 52, '2025-05-29 09:59:45'),
(172, 26.9, 54, '2025-05-29 10:00:15'),
(173, 26.9, 55, '2025-05-29 10:00:46'),
(174, 26.9, 55, '2025-05-29 10:01:16'),
(175, 27, 54, '2025-05-29 10:01:46'),
(176, 27, 51, '2025-05-29 10:02:16'),
(177, 27, 53, '2025-05-29 10:02:45'),
(178, 26.9, 54, '2025-05-29 10:03:16'),
(179, 27, 53, '2025-05-29 10:03:46'),
(180, 27, 54, '2025-05-29 10:04:16'),
(181, 27, 53, '2025-05-29 10:04:46'),
(182, 27, 52, '2025-05-29 10:05:16'),
(183, 27, 53, '2025-05-29 10:05:46'),
(184, 27, 52, '2025-05-29 10:06:16'),
(185, 27, 51, '2025-05-29 10:06:46'),
(186, 27, 51, '2025-05-29 10:07:19'),
(187, 27, 51, '2025-05-29 10:07:49'),
(188, 27, 51, '2025-05-29 10:08:16'),
(189, 27, 50, '2025-05-29 10:08:46'),
(190, 27, 50, '2025-05-29 10:09:48'),
(191, 27, 50, '2025-05-29 10:10:16'),
(192, 27, 51, '2025-05-29 10:10:47'),
(193, 26.9, 51, '2025-05-29 10:11:16'),
(194, 26.9, 50, '2025-05-29 10:11:46'),
(195, 27, 51, '2025-05-29 10:12:17'),
(196, 27, 51, '2025-05-29 10:12:46'),
(197, 27, 51, '2025-05-29 10:13:16'),
(198, 27, 51, '2025-05-29 10:13:47'),
(199, 27.1, 50, '2025-05-29 10:14:16'),
(200, 27.1, 50, '2025-05-29 10:14:46'),
(201, 27.1, 49, '2025-05-29 10:15:16'),
(202, 27, 48, '2025-05-29 10:15:46'),
(203, 27, 51, '2025-05-29 10:16:16'),
(204, 27, 51, '2025-05-29 10:16:47'),
(205, 27, 53, '2025-05-29 10:17:16'),
(206, 26.9, 54, '2025-05-29 10:17:46'),
(207, 26.8, 55, '2025-05-29 10:18:16'),
(208, 26.7, 54, '2025-05-29 10:18:46'),
(209, 26.6, 55, '2025-05-29 10:19:16'),
(210, 26.6, 54, '2025-05-29 10:19:46'),
(211, 26.6, 55, '2025-05-29 10:20:16'),
(212, 26.5, 56, '2025-05-29 10:20:47'),
(213, 26.5, 56, '2025-05-29 10:21:16'),
(214, 26.5, 57, '2025-05-29 10:21:47'),
(215, 26.5, 56, '2025-05-29 10:22:17'),
(216, 26.5, 56, '2025-05-29 10:22:46'),
(217, 26.4, 57, '2025-05-29 10:23:17'),
(218, 26.5, 55, '2025-05-29 10:23:46'),
(219, 26.4, 57, '2025-05-29 10:24:16'),
(220, 26.3, 60, '2025-05-29 10:24:47'),
(221, 26.3, 56, '2025-05-29 10:25:16'),
(222, 26.2, 58, '2025-05-29 10:25:47'),
(223, 26.2, 60, '2025-05-29 10:26:17'),
(224, 26, 59, '2025-05-29 10:27:47'),
(225, 26, 62, '2025-05-29 10:28:16'),
(226, 26, 60, '2025-05-29 10:28:47'),
(227, 26, 59, '2025-05-29 10:29:17'),
(228, 26, 59, '2025-05-29 10:29:47'),
(229, 26, 58, '2025-05-29 10:30:38'),
(230, 26, 61, '2025-05-29 10:31:08'),
(231, 26.1, 57, '2025-05-29 10:31:38'),
(232, 26, 57, '2025-05-29 10:32:08'),
(233, 26, 65, '2025-05-29 10:32:38'),
(234, 26, 64, '2025-05-29 10:33:08'),
(235, 26, 64, '2025-05-29 10:33:40'),
(236, 26, 57, '2025-05-29 10:34:23'),
(237, 26, 56, '2025-05-29 10:34:53'),
(238, 26, 55, '2025-05-29 10:35:22'),
(239, 26.1, 53, '2025-05-29 10:35:52'),
(240, 26.3, 53, '2025-05-29 10:36:23'),
(241, 26.3, 55, '2025-05-29 10:36:52'),
(242, 26.4, 51, '2025-05-29 10:37:25'),
(243, 26.3, 51, '2025-05-29 10:37:52'),
(244, 26.2, 51, '2025-05-29 10:38:31'),
(245, 26.2, 54, '2025-05-29 10:39:01'),
(246, 26.2, 53, '2025-05-29 10:39:31'),
(247, 26.2, 54, '2025-05-29 10:40:01'),
(248, 26.2, 53, '2025-05-29 10:40:31'),
(249, 26.2, 53, '2025-05-29 10:41:01'),
(250, 26.2, 53, '2025-05-29 10:41:31'),
(251, 26.2, 52, '2025-05-29 10:42:01'),
(252, 26.2, 51, '2025-05-29 10:42:35'),
(253, 26.1, 55, '2025-05-29 10:43:01'),
(254, 26.1, 55, '2025-05-29 10:43:31'),
(255, 26.1, 52, '2025-05-29 10:44:01'),
(256, 26.1, 55, '2025-05-29 10:44:31'),
(257, 26.1, 55, '2025-05-29 10:45:01'),
(258, 26.2, 52, '2025-05-29 10:45:47'),
(259, 26.1, 53, '2025-05-29 10:46:17'),
(260, 26.1, 53, '2025-05-29 10:46:50'),
(261, 26.2, 54, '2025-05-29 10:47:35'),
(262, 26.2, 57, '2025-05-29 10:48:17'),
(263, 26.2, 55, '2025-05-29 10:49:01'),
(264, 26.2, 55, '2025-05-29 10:49:42'),
(265, 26.2, 56, '2025-05-29 10:50:13'),
(266, 26, 56, '2025-05-29 10:50:48'),
(267, 26.2, 56, '2025-05-29 10:51:33'),
(268, 26.3, 55, '2025-05-29 10:52:03'),
(269, 26.3, 52, '2025-05-29 10:52:33'),
(270, 26.4, 53, '2025-05-29 10:53:10'),
(271, 26.4, 55, '2025-05-29 10:53:40'),
(272, 26.4, 53, '2025-05-29 10:54:10'),
(273, 26.3, 54, '2025-05-29 10:54:57'),
(274, 26.5, 54, '2025-05-29 10:55:42'),
(275, 26.5, 54, '2025-05-29 10:56:19'),
(276, 26.5, 54, '2025-05-29 10:56:59'),
(277, 26.5, 55, '2025-05-29 10:57:30'),
(278, 26.6, 53, '2025-05-29 10:58:14'),
(279, 26.6, 54, '2025-05-29 10:58:44'),
(280, 26.6, 53, '2025-05-29 10:59:36'),
(281, 26.7, 53, '2025-05-29 11:00:06'),
(282, 26.7, 54, '2025-05-29 11:00:36'),
(283, 26.8, 50, '2025-05-29 11:01:15'),
(284, 26.8, 53, '2025-05-29 11:01:57'),
(285, 26.8, 53, '2025-05-29 11:02:27'),
(286, 26.8, 51, '2025-05-29 11:02:57'),
(287, 26.8, 52, '2025-05-29 11:03:29'),
(288, 26.8, 54, '2025-05-29 11:04:14');

-- --------------------------------------------------------

--
-- 資料表結構 `users`
--

CREATE TABLE `users` (
  `id` int(11) NOT NULL,
  `rfid_tag` varchar(20) NOT NULL,
  `name` varchar(50) NOT NULL
) ENGINE=InnoDB DEFAULT CHARSET=utf8mb4 COLLATE=utf8mb4_general_ci;

--
-- 傾印資料表的資料 `users`
--

INSERT INTO `users` (`id`, `rfid_tag`, `name`) VALUES
(1, '1d958b79', '王小明'),
(2, '85AF851A', '陳小華');

--
-- 已傾印資料表的索引
--

--
-- 資料表索引 `attendance_log`
--
ALTER TABLE `attendance_log`
  ADD PRIMARY KEY (`id`),
  ADD KEY `user_id` (`user_id`);

--
-- 資料表索引 `environment_log`
--
ALTER TABLE `environment_log`
  ADD PRIMARY KEY (`id`);

--
-- 資料表索引 `users`
--
ALTER TABLE `users`
  ADD PRIMARY KEY (`id`),
  ADD UNIQUE KEY `rfid_tag` (`rfid_tag`);

--
-- 在傾印的資料表使用自動遞增(AUTO_INCREMENT)
--

--
-- 使用資料表自動遞增(AUTO_INCREMENT) `attendance_log`
--
ALTER TABLE `attendance_log`
  MODIFY `id` int(11) NOT NULL AUTO_INCREMENT, AUTO_INCREMENT=57;

--
-- 使用資料表自動遞增(AUTO_INCREMENT) `environment_log`
--
ALTER TABLE `environment_log`
  MODIFY `id` int(11) NOT NULL AUTO_INCREMENT, AUTO_INCREMENT=289;

--
-- 使用資料表自動遞增(AUTO_INCREMENT) `users`
--
ALTER TABLE `users`
  MODIFY `id` int(11) NOT NULL AUTO_INCREMENT, AUTO_INCREMENT=3;

--
-- 已傾印資料表的限制式
--

--
-- 資料表的限制式 `attendance_log`
--
ALTER TABLE `attendance_log`
  ADD CONSTRAINT `attendance_log_ibfk_1` FOREIGN KEY (`user_id`) REFERENCES `users` (`id`);
COMMIT;

/*!40101 SET CHARACTER_SET_CLIENT=@OLD_CHARACTER_SET_CLIENT */;
/*!40101 SET CHARACTER_SET_RESULTS=@OLD_CHARACTER_SET_RESULTS */;
/*!40101 SET COLLATION_CONNECTION=@OLD_COLLATION_CONNECTION */;
